{
  "hips": {
    "rotation": [  0.000000,  1.000000,  0.000000,  0.000000 ]
  },
  "leftShoulder": {
    "rotation": [  0.000000,  0.000000,  0.258819,  0.965926 ]
  },
  "rightShoulder": {
    "rotation": [  0.000000,  0.000000, -0.258819,  0.965926 ]
  },
  "leftUpperArm": {
    "rotation": [  0.000000,  0.000000,  0.258819,  0.965926 ]
  },
  "rightUpperArm": {
    "rotation": [  0.000000,  0.000000, -0.258819,  0.965926 ]
  },
  "leftLowerArm": {
    "rotation": [  0.000000,  0.000000,  0.258819,  0.965926 ]
  },
  "rightLowerArm": {
    "rotation": [  0.000000,  0.000000, -0.258819,  0.965926 ]
  }
}
